{
  "report_date": "2025-08-01T21:14:55.052132",
  "total_trades": 10,
  "win_rate": 90.0,
  "total_pnl": 3007.8590907611506,
  "avg_pnl": 300.78590907611505,
  "best_trade": 840.3036253333721,
  "worst_trade": -17.548785924776894
}